#,Name,Type 1,Type 2,Total,HP,Attack,Defense,Sp. Atk,Sp. Def,Speed,Generation,Legendary,Attack_Defense_Ratio
384,RAYQUAZAMEGA RAYQUAZA,Dragon,Flying,780.0,105,180,100,180,100,115,3,True,1.8
150,MEWTWOMEGA MEWTWO Y,Psychic,None,780.0,106,150,70,194,120,140,1,True,2.142857142857143
150,MEWTWOMEGA MEWTWO X,Psychic,Fighting,780.0,106,190,100,154,100,130,1,True,1.9
382,KYOGREPRIMAL KYOGRE,Water,None,770.0,100,150,90,180,160,90,3,True,1.6666666666666667
383,GROUDONPRIMAL GROUDON,Ground,Fire,770.0,100,180,160,150,90,90,3,True,1.125
493,ARCEUS,Normal,None,720.0,120,120,120,120,120,120,4,True,1.0
646,KYUREMWHITE KYUREM,Dragon,Ice,700.0,125,120,90,170,100,95,5,True,1.3333333333333333
646,KYUREMBLACK KYUREM,Dragon,Ice,700.0,125,170,100,120,90,95,5,True,1.7
373,SALAMENCEMEGA SALAMENCE,Dragon,Flying,700.0,95,145,130,120,90,120,3,False,1.1153846153846154
376,METAGROSSMEGA METAGROSS,Steel,Psychic,700.0,80,145,150,105,110,110,3,False,0.9666666666666667
380,LATIASMEGA LATIAS,Dragon,Psychic,700.0,80,100,120,140,150,110,3,True,0.8333333333333334
381,LATIOSMEGA LATIOS,Dragon,Psychic,700.0,80,130,100,160,120,110,3,True,1.3
445,GARCHOMPMEGA GARCHOMP,Dragon,Ground,700.0,108,170,115,120,95,92,4,False,1.4782608695652173
248,TYRANITARMEGA TYRANITAR,Rock,Dark,700.0,100,164,150,95,120,71,2,False,1.0933333333333333
719,DIANCIEMEGA DIANCIE,Rock,Fairy,700.0,50,160,110,160,110,110,6,True,1.4545454545454546
384,RAYQUAZA,Dragon,Flying,680.0,105,150,90,150,90,95,3,True,1.6666666666666667
487,GIRATINAORIGIN FORME,Ghost,Dragon,680.0,150,120,100,120,100,90,4,True,1.2
487,GIRATINAALTERED FORME,Ghost,Dragon,680.0,150,100,120,100,120,90,4,True,0.8333333333333334
644,ZEKROM,Dragon,Electric,680.0,100,150,120,120,100,90,5,True,1.25
484,PALKIA,Water,Dragon,680.0,90,120,100,150,120,100,4,True,1.2
483,DIALGA,Steel,Dragon,680.0,100,120,120,150,100,90,4,True,1.0
250,HO-OH,Fire,Flying,680.0,106,130,90,110,154,90,2,True,1.4444444444444444
249,LUGIA,Psychic,Flying,680.0,106,90,130,90,154,110,2,True,0.6923076923076923
643,RESHIRAM,Dragon,Fire,680.0,100,120,100,150,120,90,5,True,1.2
716,XERNEAS,Fairy,None,680.0,126,131,95,131,98,99,6,True,1.3789473684210527
720,HOOPAHOOPA UNBOUND,Psychic,Dark,680.0,80,160,60,170,130,80,6,True,2.6666666666666665
150,MEWTWO,Psychic,None,680.0,106,110,90,154,90,130,1,True,1.2222222222222223
717,YVELTAL,Dark,Flying,680.0,126,131,95,131,98,99,6,True,1.3789473684210527
486,REGIGIGAS,Normal,None,670.0,110,160,110,80,110,100,4,True,1.4545454545454546
383,GROUDON,Ground,None,670.0,100,150,140,100,90,90,3,True,1.0714285714285714
289,SLAKING,Normal,None,670.0,150,160,100,95,65,100,3,False,1.6
382,KYOGRE,Water,None,670.0,100,100,90,150,140,90,3,True,1.1111111111111112
646,KYUREM,Dragon,Ice,660.0,125,130,90,130,90,95,5,True,1.4444444444444444
130,GYARADOSMEGA GYARADOS,Water,Dark,640.0,95,155,109,70,130,81,1,False,1.4220183486238531
260,SWAMPERTMEGA SWAMPERT,Water,Ground,635.0,100,150,110,95,110,70,3,False,1.3636363636363635
6,CHARIZARDMEGA CHARIZARD X,Fire,Dragon,634.0,78,130,111,130,85,100,1,False,1.1711711711711712
6,CHARIZARDMEGA CHARIZARD Y,Fire,Flying,634.0,78,104,78,159,115,100,1,False,1.3333333333333333
257,BLAZIKENMEGA BLAZIKEN,Fire,Fighting,630.0,80,160,80,130,80,100,3,False,2.0
306,AGGRONMEGA AGGRON,Steel,None,630.0,70,140,230,60,80,50,3,False,0.6086956521739131
254,SCEPTILEMEGA SCEPTILE,Grass,Dragon,630.0,70,110,75,145,85,145,3,False,1.4666666666666666
9,BLASTOISEMEGA BLASTOISE,Water,None,630.0,79,103,120,135,115,78,1,False,0.8583333333333333
448,LUCARIOMEGA LUCARIO,Fighting,Steel,625.0,70,145,88,140,70,112,4,False,1.6477272727272727
3,VENUSAURMEGA VENUSAUR,Grass,Poison,625.0,80,100,123,122,120,80,1,False,0.8130081300813008
475,GALLADEMEGA GALLADE,Psychic,Fighting,618.0,68,165,95,65,115,110,4,False,1.736842105263158
282,GARDEVOIRMEGA GARDEVOIR,Psychic,Fairy,618.0,68,85,65,165,135,100,3,False,1.3076923076923077
142,AERODACTYLMEGA AERODACTYL,Rock,Flying,615.0,80,135,85,70,95,150,1,False,1.588235294117647
208,STEELIXMEGA STEELIX,Steel,Ground,610.0,75,125,230,55,95,30,2,False,0.5434782608695652
181,AMPHAROSMEGA AMPHAROS,Electric,Dragon,610.0,90,95,105,165,110,45,2,False,0.9047619047619048
248,TYRANITAR,Rock,Dark,600.0,100,134,110,95,100,61,2,False,1.2181818181818183
385,JIRACHI,Steel,Psychic,600.0,100,100,100,100,100,100,3,True,1.0
149,DRAGONITE,Dragon,Flying,600.0,91,134,95,100,100,80,1,False,1.4105263157894736
386,DEOXYSATTACK FORME,Psychic,None,600.0,50,180,20,180,20,150,3,True,9.0
386,DEOXYSDEFENSE FORME,Psychic,None,600.0,50,70,160,70,160,90,3,True,0.4375
386,DEOXYSSPEED FORME,Psychic,None,600.0,50,95,90,95,90,180,3,True,1.0555555555555556
386,DEOXYSNORMAL FORME,Psychic,None,600.0,50,150,50,150,50,150,3,True,3.0
151,MEW,Psychic,None,600.0,100,100,100,100,100,100,1,False,1.0
381,LATIOS,Dragon,Psychic,600.0,80,90,80,130,110,110,3,True,1.125
229,HOUNDOOMMEGA HOUNDOOM,Dark,Fire,600.0,75,90,90,140,90,115,2,False,1.0
380,LATIAS,Dragon,Psychic,600.0,80,80,90,110,130,110,3,True,0.8888888888888888
94,GENGARMEGA GENGAR,Ghost,Poison,600.0,60,65,80,170,95,130,1,False,0.8125
376,METAGROSS,Steel,Psychic,600.0,80,135,130,95,90,70,3,False,1.0384615384615385
373,SALAMENCE,Dragon,Flying,600.0,95,135,80,110,80,100,3,False,1.6875
251,CELEBI,Psychic,Grass,600.0,100,100,100,100,100,100,2,False,1.0
212,SCIZORMEGA SCIZOR,Bug,Steel,600.0,70,150,140,65,100,75,2,False,1.0714285714285714
127,PINSIRMEGA PINSIR,Bug,Flying,600.0,65,155,120,65,90,105,1,False,1.2916666666666667
214,HERACROSSMEGA HERACROSS,Bug,Fighting,600.0,80,185,115,40,105,75,2,False,1.608695652173913
721,VOLCANION,Fire,Water,600.0,80,110,120,130,90,70,6,True,0.9166666666666666
445,GARCHOMP,Dragon,Ground,600.0,108,130,95,80,85,102,4,False,1.368421052631579
645,LANDORUSINCARNATE FORME,Ground,Flying,600.0,89,125,90,115,80,101,5,True,1.3888888888888888
649,GENESECT,Bug,Steel,600.0,71,120,95,120,95,99,5,False,1.263157894736842
648,MELOETTAPIROUETTE FORME,Normal,Fighting,600.0,100,128,90,77,77,128,5,False,1.4222222222222223
494,VICTINI,Psychic,Fire,600.0,100,100,100,100,100,100,5,True,1.0
492,SHAYMINSKY FORME,Grass,Flying,600.0,100,103,75,120,75,127,4,True,1.3733333333333333
492,SHAYMINLAND FORME,Grass,None,600.0,100,100,100,100,100,100,4,True,1.0
491,DARKRAI,Dark,None,600.0,70,90,90,135,90,125,4,True,1.0
490,MANAPHY,Water,None,600.0,100,100,100,100,100,100,4,False,1.0
488,CRESSELIA,Psychic,None,600.0,120,70,120,75,130,85,4,False,0.5833333333333334
485,HEATRAN,Fire,Steel,600.0,91,90,106,130,106,77,4,True,0.8490566037735849
648,MELOETTAARIA FORME,Normal,Psychic,600.0,100,77,77,128,128,90,5,False,1.0
635,HYDREIGON,Dark,Dragon,600.0,92,105,90,125,90,98,5,False,1.1666666666666667
719,DIANCIE,Rock,Fairy,600.0,50,100,150,100,150,50,6,True,0.6666666666666666
706,GOODRA,Dragon,None,600.0,90,100,70,110,150,80,6,False,1.4285714285714286
718,ZYGARDE50% FORME,Dragon,Ground,600.0,108,100,121,81,95,95,6,True,0.8264462809917356
720,HOOPAHOOPA CONFINED,Psychic,Ghost,600.0,80,110,60,150,130,70,6,True,1.8333333333333333
645,LANDORUSTHERIAN FORME,Ground,Flying,600.0,89,145,90,105,80,91,5,True,1.6111111111111112
460,ABOMASNOWMEGA ABOMASNOW,Grass,Ice,594.0,90,132,105,132,105,30,4,False,1.2571428571428571
65,ALAKAZAMMEGA ALAKAZAM,Psychic,None,590.0,55,50,65,175,95,150,1,False,0.7692307692307693
334,ALTARIAMEGA ALTARIA,Dragon,Fairy,590.0,75,110,110,110,105,80,3,False,1.0
80,SLOWBROMEGA SLOWBRO,Water,Psychic,590.0,95,75,180,130,80,30,1,False,0.4166666666666667
115,KANGASKHANMEGA KANGASKHAN,Normal,None,590.0,105,125,100,60,100,100,1,False,1.25
638,COBALION,Steel,Fighting,580.0,91,90,129,90,72,108,5,True,0.6976744186046512
639,TERRAKION,Rock,Fighting,580.0,91,129,90,72,90,108,5,True,1.4333333333333333
362,GLALIEMEGA GLALIE,Ice,None,580.0,80,120,80,120,80,100,3,False,1.5
641,TORNADUSTHERIAN FORME,Flying,None,580.0,79,100,80,110,90,121,5,True,1.25
642,THUNDURUSTHERIAN FORME,Electric,Flying,580.0,79,105,70,145,80,101,5,True,1.5
642,THUNDURUSINCARNATE FORME,Electric,Flying,580.0,79,115,70,125,80,111,5,True,1.6428571428571428
647,KELDEOORDINARY FORME,Water,Fighting,580.0,91,72,90,129,90,108,5,False,0.8
245,SUICUNE,Water,None,580.0,100,75,115,90,115,85,2,True,0.6521739130434783
647,KELDEORESOLUTE FORME,Water,Fighting,580.0,91,72,90,129,90,108,5,False,0.8
641,TORNADUSINCARNATE FORME,Flying,None,580.0,79,115,70,125,80,111,5,True,1.6428571428571428
640,VIRIZION,Grass,Fighting,580.0,91,90,72,90,129,108,5,True,1.25
243,RAIKOU,Electric,None,580.0,90,85,75,115,100,115,2,True,1.1333333333333333
377,REGIROCK,Rock,None,580.0,80,100,200,50,100,50,3,True,0.5
481,MESPRIT,Psychic,None,580.0,80,105,105,105,105,80,4,True,1.0
145,ZAPDOS,Electric,Flying,580.0,90,90,85,125,90,100,1,True,1.0588235294117647
146,MOLTRES,Fire,Flying,580.0,90,100,90,125,85,90,1,True,1.1111111111111112
144,ARTICUNO,Ice,Flying,580.0,90,85,100,95,125,85,1,True,0.85
428,LOPUNNYMEGA LOPUNNY,Normal,Fighting,580.0,65,136,94,54,96,135,4,False,1.446808510638298
480,UXIE,Psychic,None,580.0,75,75,130,75,130,95,4,True,0.5769230769230769
482,AZELF,Psychic,None,580.0,75,125,70,125,70,115,4,True,1.7857142857142858
244,ENTEI,Fire,None,580.0,115,115,85,90,75,100,2,True,1.3529411764705883
379,REGISTEEL,Steel,None,580.0,80,75,150,75,150,50,3,True,0.5
378,REGICE,Ice,None,580.0,80,50,100,100,200,50,3,True,0.5
18,PIDGEOTMEGA PIDGEOT,Normal,Flying,579.0,83,80,80,135,80,121,1,False,1.0
310,MANECTRICMEGA MANECTRIC,Electric,None,575.0,70,75,80,135,80,135,3,False,0.9375
567,ARCHEOPS,Rock,Flying,567.0,75,140,65,112,65,110,5,False,2.1538461538461537
359,ABSOLMEGA ABSOL,Dark,None,565.0,65,150,60,115,60,115,3,False,2.5
323,CAMERUPTMEGA CAMERUPT,Fire,Ground,560.0,70,120,100,145,105,20,3,False,1.2
319,SHARPEDOMEGA SHARPEDO,Water,Dark,560.0,70,140,70,110,65,105,3,False,2.0
354,BANETTEMEGA BANETTE,Ghost,None,555.0,64,165,75,93,83,75,3,False,2.2
59,ARCANINE,Fire,None,555.0,90,110,80,100,80,95,1,False,1.375
671,FLORGES,Fairy,None,552.0,78,65,68,112,154,75,6,False,0.9558823529411765
637,VOLCARONA,Bug,Fire,550.0,85,60,65,135,105,100,5,False,0.9230769230769231
468,TOGEKISS,Fairy,Flying,545.0,85,50,95,120,115,80,4,False,0.5263157894736842
531,AUDINOMEGA AUDINO,Normal,Fairy,545.0,103,60,126,80,126,50,5,False,0.47619047619047616
130,GYARADOS,Water,Flying,540.0,95,125,79,60,100,81,1,False,1.5822784810126582
555,DARMANITANZEN MODE,Fire,Psychic,540.0,105,30,105,140,105,55,5,False,0.2857142857142857
466,ELECTIVIRE,Electric,None,540.0,75,123,67,95,85,95,4,False,1.835820895522388
230,KINGDRA,Water,Dragon,540.0,75,95,95,95,95,85,2,False,1.0
242,BLISSEY,Normal,None,540.0,255,10,10,75,135,55,2,False,1.0
143,SNORLAX,Normal,None,540.0,160,110,65,65,110,30,1,False,1.6923076923076923
350,MILOTIC,Water,None,540.0,95,60,79,100,125,81,3,False,0.759493670886076
467,MAGMORTAR,Fire,None,540.0,75,95,67,125,95,83,4,False,1.4179104477611941
612,HAXORUS,Dragon,None,540.0,76,147,90,60,70,97,5,False,1.6333333333333333
584,VANILLUXE,Ice,None,535.0,71,95,85,110,95,79,5,False,1.1176470588235294
474,PORYGON-Z,Normal,None,535.0,85,80,70,135,75,90,4,False,1.1428571428571428
260,SWAMPERT,Water,Ground,535.0,100,110,90,85,90,60,3,False,1.2222222222222223
465,TANGROWTH,Grass,None,535.0,100,100,125,110,50,50,4,False,0.8
464,RHYPERIOR,Ground,Rock,535.0,115,140,130,55,55,40,4,False,1.0769230769230769
462,MAGNEZONE,Electric,Steel,535.0,70,70,115,130,90,60,4,False,0.6086956521739131
131,LAPRAS,Water,Ice,535.0,130,85,80,85,95,60,1,False,1.0625
169,CROBAT,Poison,Flying,535.0,85,90,80,70,80,130,2,False,1.125
715,NOIVERN,Flying,Dragon,535.0,85,70,80,97,80,123,6,False,0.875
392,INFERNAPE,Fire,Fighting,534.0,76,104,71,104,71,108,4,False,1.4647887323943662
655,DELPHOX,Fire,Psychic,534.0,75,69,72,114,100,104,6,False,0.9583333333333334
6,CHARIZARD,Fire,Flying,534.0,78,84,78,109,85,100,1,False,1.0769230769230769
157,TYPHLOSION,Fire,None,534.0,78,84,78,109,85,100,2,False,1.0769230769230769
673,GOGOAT,Grass,None,531.0,123,100,62,97,81,68,6,False,1.6129032258064515
160,FERALIGATR,Water,None,530.0,85,105,100,79,83,78,2,False,1.05
473,MAMOSWINE,Ice,Ground,530.0,110,130,80,70,60,80,4,False,1.625
395,EMPOLEON,Water,Steel,530.0,84,86,88,111,101,60,4,False,0.9772727272727273
257,BLAZIKEN,Fire,Fighting,530.0,80,120,70,110,70,80,3,False,1.7142857142857142
658,GRENINJA,Water,Dark,530.0,72,95,67,103,71,122,6,False,1.4179104477611941
652,CHESNAUGHT,Grass,Fighting,530.0,88,107,122,74,75,64,6,False,0.8770491803278688
306,AGGRON,Steel,Rock,530.0,70,110,180,60,60,50,3,False,0.6111111111111112
254,SCEPTILE,Grass,None,530.0,70,85,65,105,85,120,3,False,1.3076923076923077
365,WALREIN,Ice,Water,530.0,110,80,90,95,90,65,3,False,0.8888888888888888
9,BLASTOISE,Water,None,530.0,79,83,100,85,105,78,1,False,0.83
503,SAMUROTT,Water,None,528.0,95,100,85,108,70,70,5,False,1.1764705882352942
500,EMBOAR,Fire,Fighting,528.0,110,123,65,100,65,65,5,False,1.8923076923076922
497,SERPERIOR,Grass,None,528.0,75,75,95,75,95,113,5,False,0.7894736842105263
470,LEAFEON,Grass,None,525.0,65,110,130,60,65,95,4,False,0.8461538461538461
448,LUCARIO,Fighting,Steel,525.0,70,110,70,115,70,90,4,False,1.5714285714285714
196,ESPEON,Psychic,None,525.0,65,65,60,130,95,110,2,False,1.0833333333333333
197,UMBREON,Dark,None,525.0,95,65,110,60,130,65,2,False,0.5909090909090909
471,GLACEON,Ice,None,525.0,65,60,110,130,95,65,4,False,0.5454545454545454
389,TORTERRA,Grass,Ground,525.0,95,109,105,75,85,56,4,False,1.0380952380952382
91,CLOYSTER,Water,Ice,525.0,50,95,180,85,45,70,1,False,0.5277777777777778
134,VAPOREON,Water,None,525.0,130,65,60,110,95,65,1,False,1.0833333333333333
135,JOLTEON,Electric,None,525.0,65,65,60,110,95,130,1,False,1.0833333333333333
450,HIPPOWDON,Ground,None,525.0,108,112,118,68,72,47,4,False,0.9491525423728814
154,MEGANIUM,Grass,None,525.0,80,82,100,83,100,80,2,False,0.82
477,DUSKNOIR,Ghost,None,525.0,45,100,135,65,135,45,4,False,0.7407407407407407
136,FLAREON,Fire,None,525.0,65,130,60,95,110,65,1,False,2.1666666666666665
700,SYLVEON,Fairy,None,525.0,95,65,65,110,130,60,6,False,1.0
476,PROBOPASS,Rock,Steel,525.0,60,55,145,75,150,40,4,False,0.3793103448275862
3,VENUSAUR,Grass,Poison,525.0,80,82,83,100,100,80,1,False,0.9879518072289156
405,LUXRAY,Electric,None,523.0,80,120,79,95,79,70,4,False,1.518987341772152
697,TYRANTRUM,Rock,Dragon,521.0,82,121,119,69,59,71,6,False,1.0168067226890756
699,AURORUS,Rock,Ice,521.0,123,77,72,99,92,58,6,False,1.0694444444444444
479,ROTOMWASH ROTOM,Electric,Water,520.0,50,65,107,105,107,86,4,False,0.6074766355140186
479,ROTOMFAN ROTOM,Electric,Flying,520.0,50,65,107,105,107,86,4,False,0.6074766355140186
479,ROTOMHEAT ROTOM,Electric,Fire,520.0,50,65,107,105,107,86,4,False,0.6074766355140186
479,ROTOMFROST ROTOM,Electric,Ice,520.0,50,65,107,105,107,86,4,False,0.6074766355140186
479,ROTOMMOW ROTOM,Electric,Grass,520.0,50,65,107,105,107,86,4,False,0.6074766355140186
601,KLINKLANG,Steel,None,520.0,60,100,115,70,85,90,5,False,0.8695652173913043
330,FLYGON,Ground,Dragon,520.0,80,100,80,80,80,100,3,False,1.25
103,EXEGGUTOR,Grass,Psychic,520.0,95,95,85,125,65,55,1,False,1.1176470588235294
121,STARMIE,Water,Psychic,520.0,60,75,85,100,85,115,1,False,0.8823529411764706
681,AEGISLASHBLADE FORME,Steel,Ghost,520.0,60,150,50,150,50,60,6,False,3.0
681,AEGISLASHSHIELD FORME,Steel,Ghost,520.0,60,50,150,50,150,60,6,False,0.3333333333333333
609,CHANDELURE,Ghost,Fire,520.0,60,55,90,145,90,80,5,False,0.6111111111111112
553,KROOKODILE,Ground,Dark,519.0,95,117,80,65,70,92,5,False,1.4625
282,GARDEVOIR,Psychic,Fairy,518.0,68,65,65,125,115,80,3,False,1.0
475,GALLADE,Psychic,Fighting,518.0,68,125,65,65,115,80,4,False,1.9230769230769231
73,TENTACRUEL,Water,Poison,515.0,80,70,65,80,120,100,1,False,1.0769230769230769
407,ROSERADE,Grass,Poison,515.0,60,70,65,125,105,90,4,False,1.0769230769230769
463,LICKILICKY,Normal,None,515.0,110,85,95,80,95,50,4,False,0.8947368421052632
469,YANMEGA,Bug,Flying,515.0,86,76,86,116,56,95,4,False,0.8837209302325582
233,PORYGON2,Normal,None,515.0,85,80,90,105,95,60,2,False,0.8888888888888888
142,AERODACTYL,Rock,Flying,515.0,80,105,65,60,75,130,1,False,1.6153846153846154
604,EELEKTROSS,Electric,None,515.0,85,115,80,105,80,50,5,False,1.4375
526,GIGALITH,Rock,None,515.0,85,135,130,60,80,25,5,False,1.0384615384615385
713,AVALUGG,Ice,None,514.0,95,117,184,44,46,28,6,False,0.6358695652173914
571,ZOROARK,Dark,None,510.0,60,105,60,120,60,105,5,False,1.75
308,MEDICHAMMEGA MEDICHAM,Fighting,Psychic,510.0,60,100,85,80,85,100,3,False,1.1764705882352942
630,MANDIBUZZ,Dark,Flying,510.0,110,65,105,55,95,80,5,False,0.6190476190476191
628,BRAVIARY,Normal,Flying,510.0,100,123,75,57,75,80,5,False,1.64
620,MIENSHAO,Fighting,None,510.0,65,125,60,95,60,105,5,False,2.0833333333333335
62,POLIWRATH,Water,Fighting,510.0,90,95,95,70,90,70,1,False,1.0
472,GLISCOR,Ground,Flying,510.0,75,95,125,45,75,95,4,False,0.76
461,WEAVILE,Dark,Ice,510.0,70,120,65,45,85,125,4,False,1.8461538461538463
208,STEELIX,Steel,Ground,510.0,75,85,200,55,65,30,2,False,0.425
181,AMPHAROS,Electric,None,510.0,90,75,85,115,90,55,2,False,0.8823529411764706
537,SEISMITOAD,Water,Ground,509.0,105,95,75,85,75,74,5,False,1.2666666666666666
530,EXCADRILL,Ground,Steel,508.0,110,135,60,50,65,88,5,False,2.25
668,PYROAR,Fire,Normal,507.0,86,68,72,109,66,106,6,False,0.9444444444444444
534,CONKELDURR,Fighting,None,505.0,105,140,95,55,65,45,5,False,1.4736842105263157
38,NINETALES,Fire,None,505.0,73,76,75,81,100,100,1,False,1.0133333333333334
68,MACHAMP,Fighting,None,505.0,90,130,80,65,85,55,1,False,1.625
34,NIDOKING,Poison,Ground,505.0,81,102,77,85,75,85,1,False,1.3246753246753247
31,NIDOQUEEN,Poison,Ground,505.0,90,92,87,75,85,76,1,False,1.0574712643678161
213,SHUCKLE,Bug,Rock,505.0,20,10,230,10,230,5,2,False,0.043478260869565216
430,HONCHKROW,Dark,Flying,505.0,100,125,52,105,52,71,4,False,2.4038461538461537
693,CLAWITZER,Water,None,500.0,71,73,88,120,89,59,6,False,0.8295454545454546
452,DRAPION,Poison,Dark,500.0,70,90,110,60,75,95,4,False,0.8181818181818182
232,DONPHAN,Ground,None,500.0,90,120,120,60,60,50,2,False,1.0
229,HOUNDOOM,Dark,Fire,500.0,75,90,50,110,80,95,2,False,1.8
89,MUK,Poison,None,500.0,105,105,75,65,100,50,1,False,1.4
94,GENGAR,Ghost,Poison,500.0,60,65,60,130,75,110,1,False,1.0833333333333333
321,WAILORD,Water,None,500.0,170,90,45,90,45,60,3,False,2.0
703,CARBINK,Rock,Fairy,500.0,50,50,150,50,150,50,6,False,0.3333333333333333
65,ALAKAZAM,Psychic,None,500.0,55,50,45,135,95,120,1,False,1.1111111111111112
123,SCYTHER,Bug,Flying,500.0,70,110,80,55,80,105,1,False,1.375
701,HAWLUCHA,Fighting,Flying,500.0,78,92,75,74,63,118,6,False,1.2266666666666666
186,POLITOED,Water,None,500.0,90,75,75,90,100,70,2,False,1.0
508,STOUTLAND,Normal,None,500.0,85,110,90,45,90,80,5,False,1.2222222222222223
217,URSARING,Normal,None,500.0,90,130,75,75,75,55,2,False,1.7333333333333334
542,LEAVANNY,Bug,Grass,500.0,75,103,80,70,80,92,5,False,1.2875
127,PINSIR,Bug,None,500.0,65,125,100,55,70,85,1,False,1.25
214,HERACROSS,Bug,Fighting,500.0,80,125,75,40,95,85,2,False,1.6666666666666667
344,CLAYDOL,Ground,Psychic,500.0,60,70,105,70,120,75,3,False,0.6666666666666666
437,BRONZONG,Steel,Psychic,500.0,67,89,116,79,116,33,4,False,0.7672413793103449
212,SCIZOR,Bug,Steel,500.0,70,130,100,55,80,65,2,False,1.3
55,GOLDUCK,Water,None,500.0,80,82,78,95,80,85,1,False,1.0512820512820513
689,BARBARACLE,Rock,Water,500.0,72,105,115,54,86,68,6,False,0.9130434782608695
78,RAPIDASH,Fire,None,500.0,65,100,70,80,80,105,1,False,1.4285714285714286
663,TALONFLAME,Fire,Flying,499.0,78,81,71,74,69,126,6,False,1.1408450704225352
516,SIMIPOUR,Water,None,498.0,75,98,63,98,63,101,5,False,1.5555555555555556
514,SIMISEAR,Fire,None,498.0,75,98,63,98,63,101,5,False,1.5555555555555556
426,DRIFBLIM,Ghost,Flying,498.0,150,80,44,90,54,80,4,False,1.8181818181818181
512,SIMISAGE,Grass,None,498.0,75,98,63,98,63,101,5,False,1.5555555555555556
523,ZEBSTRIKA,Electric,None,497.0,75,100,63,80,63,116,5,False,1.5873015873015872
126,MAGMAR,Fire,None,495.0,65,95,57,100,85,93,1,False,1.6666666666666667
409,RAMPARDOS,Rock,None,495.0,97,165,60,65,50,58,4,False,2.75
346,CRADILY,Rock,Grass,495.0,86,81,97,81,107,43,3,False,0.8350515463917526
141,KABUTOPS,Rock,Water,495.0,60,115,105,65,70,80,1,False,1.0952380952380953
429,MISMAGIUS,Ghost,None,495.0,60,60,60,105,105,105,4,False,1.0
348,ARMALDO,Rock,Bug,495.0,75,125,100,70,80,45,3,False,1.25
675,PANGORO,Fighting,Dark,495.0,95,124,78,69,71,58,6,False,1.5897435897435896
419,FLOATZEL,Water,None,495.0,85,105,55,85,50,115,4,False,1.9090909090909092
565,CARRACOSTA,Water,Rock,495.0,74,108,133,83,65,32,5,False,0.8120300751879699
411,BASTIODON,Rock,Steel,495.0,60,52,168,47,138,30,4,False,0.30952380952380953
139,OMASTAR,Rock,Water,495.0,70,60,125,115,70,55,1,False,0.48
76,GOLEM,Rock,Ground,495.0,80,120,130,55,65,45,1,False,0.9230769230769231
617,ACCELGOR,Bug,None,495.0,80,70,40,100,60,145,5,False,1.75
15,BEEDRILLMEGA BEEDRILL,Bug,Poison,495.0,65,150,40,15,80,145,1,False,3.75
589,ESCAVALIER,Bug,Steel,495.0,70,135,105,60,105,20,5,False,1.2857142857142858
460,ABOMASNOW,Grass,Ice,494.0,90,92,75,92,85,60,4,False,1.2266666666666666
691,DRAGALGE,Poison,Dragon,494.0,65,75,90,97,123,44,6,False,0.8333333333333334
711,GOURGEISTLARGE SIZE,Ghost,Grass,494.0,75,95,122,58,75,69,6,False,0.7786885245901639
711,GOURGEISTSUPER SIZE,Ghost,Grass,494.0,85,100,122,58,75,54,6,False,0.819672131147541
711,GOURGEISTSMALL SIZE,Ghost,Grass,494.0,55,85,122,58,75,99,6,False,0.6967213114754098
711,GOURGEISTAVERAGE SIZE,Ghost,Grass,494.0,65,90,122,58,75,84,6,False,0.7377049180327869
625,BISHARP,Dark,Steel,490.0,65,125,100,60,70,70,5,False,1.25
110,WEEZING,Poison,None,490.0,65,90,120,85,70,60,1,False,0.75
576,GOTHITELLE,Psychic,None,490.0,70,55,95,95,110,65,5,False,0.5789473684210527
199,SLOWKING,Water,Psychic,490.0,95,75,80,100,110,30,2,False,0.9375
334,ALTARIA,Dragon,Flying,490.0,75,70,90,70,105,80,3,False,0.7777777777777778
579,REUNICLUS,Psychic,None,490.0,110,65,75,125,85,30,5,False,0.8666666666666667
295,EXPLOUD,Normal,None,490.0,104,91,63,91,73,68,3,False,1.4444444444444444
80,SLOWBRO,Water,Psychic,490.0,95,75,110,100,80,30,1,False,0.6818181818181818
561,SIGILYPH,Psychic,Flying,490.0,72,58,80,103,80,97,5,False,0.725
626,BOUFFALANT,Normal,None,490.0,95,110,95,40,95,55,5,False,1.1578947368421053
241,MILTANK,Normal,None,490.0,95,80,105,40,70,100,2,False,0.7619047619047619
128,TAUROS,Normal,None,490.0,75,100,95,40,70,110,1,False,1.0526315789473684
454,TOXICROAK,Poison,Fighting,490.0,83,106,65,86,65,85,4,False,1.6307692307692307
45,VILEPLUME,Grass,Poison,490.0,75,80,85,110,90,50,1,False,0.9411764705882353
182,BELLOSSOM,Grass,None,490.0,75,80,95,90,100,50,2,False,0.8421052631578947
71,VICTREEBEL,Grass,Poison,490.0,80,105,65,100,70,70,1,False,1.6153846153846154
115,KANGASKHAN,Normal,None,490.0,105,95,80,40,80,90,1,False,1.1875
125,ELECTABUZZ,Electric,None,490.0,65,83,57,95,85,105,1,False,1.456140350877193
598,FERROTHORN,Grass,Steel,489.0,74,94,131,54,116,20,5,False,0.7175572519083969
560,SCRAFTY,Dark,Fighting,488.0,65,90,115,45,115,58,5,False,0.782608695652174
521,UNFEZANT,Normal,Flying,488.0,80,115,80,65,55,93,5,False,1.4375
518,MUSHARNA,Psychic,None,487.0,116,55,85,107,95,29,5,False,0.6470588235294118
369,RELICANTH,Water,Rock,485.0,100,90,130,45,65,55,3,False,0.6923076923076923
615,CRYOGONAL,Ice,None,485.0,70,50,30,95,135,105,5,False,1.6666666666666667
367,HUNTAIL,Water,None,485.0,55,104,105,94,75,52,3,False,0.9904761904761905
606,BEHEEYEM,Psychic,None,485.0,75,75,75,125,95,40,5,False,1.0
545,SCOLIPEDE,Bug,Poison,485.0,60,100,89,55,69,112,5,False,1.1235955056179776
398,STARAPTOR,Normal,Flying,485.0,85,120,70,50,60,100,4,False,1.7142857142857142
26,RAICHU,Electric,None,485.0,60,90,55,90,80,110,1,False,1.6363636363636365
614,BEARTIC,Ice,None,485.0,95,110,80,70,80,50,5,False,1.375
621,DRUDDIGON,Dragon,None,485.0,77,120,90,60,90,48,5,False,1.3333333333333333
442,SPIRITOMB,Ghost,Dark,485.0,50,92,108,92,108,35,4,False,0.8518518518518519
368,GOREBYSS,Water,None,485.0,55,84,105,114,75,52,3,False,0.8
112,RHYDON,Ground,Rock,485.0,105,130,120,45,45,40,1,False,1.0833333333333333
632,DURANT,Bug,Steel,484.0,58,109,112,48,48,109,5,False,0.9732142857142857
631,HEATMOR,Fire,None,484.0,85,97,66,105,66,65,5,False,1.4696969696969697
36,CLEFABLE,Fairy,None,483.0,95,70,73,95,90,60,1,False,0.958904109589041
563,COFAGRIGUS,Ghost,None,483.0,58,50,145,95,105,30,5,False,0.3448275862068966
623,GOLURK,Ground,Ghost,483.0,89,124,80,55,80,55,5,False,1.55
97,HYPNO,Psychic,None,483.0,85,73,70,73,115,67,1,False,1.042857142857143
687,MALAMAR,Dark,Psychic,482.0,86,92,88,68,75,73,6,False,1.0454545454545454
424,AMBIPOM,Normal,None,482.0,75,100,66,60,66,115,4,False,1.5151515151515151
695,HELIOLISK,Electric,Normal,481.0,62,55,52,109,94,109,6,False,1.0576923076923077
549,LILLIGANT,Grass,None,480.0,70,60,75,110,75,90,5,False,0.8
303,MAWILEMEGA MAWILE,Steel,Fairy,480.0,50,105,125,55,95,50,3,False,0.84
302,SABLEYEMEGA SABLEYE,Dark,Ghost,480.0,50,85,125,85,115,20,3,False,0.68
489,PHIONE,Water,None,480.0,80,80,80,80,80,80,4,False,1.0
224,OCTILLERY,Water,None,480.0,75,105,75,105,75,45,2,False,1.4
362,GLALIE,Ice,None,480.0,80,80,80,80,80,80,3,False,1.0
478,FROSLASS,Ice,Ghost,480.0,70,80,70,80,70,110,4,False,1.1428571428571428
101,ELECTRODE,Electric,None,480.0,60,50,70,80,80,140,1,False,0.7142857142857143
275,SHIFTRY,Grass,Dark,480.0,90,100,60,90,60,80,3,False,1.6666666666666667
272,LUDICOLO,Water,Grass,480.0,80,70,70,90,100,70,3,False,1.0
428,LOPUNNY,Normal,None,480.0,65,76,84,54,96,105,4,False,0.9047619047619048
555,DARMANITANSTANDARD MODE,Fire,None,480.0,105,140,55,30,55,95,5,False,2.5454545454545454
547,WHIMSICOTT,Grass,Fairy,480.0,60,67,85,77,75,116,5,False,0.788235294117647
685,SLURPUFF,Fairy,None,480.0,82,80,86,85,75,72,6,False,0.9302325581395349
593,JELLICENT,Water,Ghost,480.0,100,60,70,85,105,60,5,False,0.8571428571428571
18,PIDGEOT,Normal,Flying,479.0,83,80,75,70,70,101,1,False,1.0666666666666667
435,SKUNTANK,Poison,Dark,479.0,103,93,67,71,61,84,4,False,1.3880597014925373
332,CACTURNE,Grass,Dark,475.0,70,115,60,115,60,55,3,False,1.9166666666666667
99,KINGLER,Water,None,475.0,55,130,115,50,50,75,1,False,1.1304347826086956
310,MANECTRIC,Electric,None,475.0,70,75,60,105,60,105,3,False,1.25
87,DEWGONG,Water,Ice,475.0,90,70,80,70,95,70,1,False,0.875
586,SAWSBUCK,Normal,Grass,475.0,80,100,70,60,70,95,5,False,1.4285714285714286
558,CRUSTLE,Bug,Rock,475.0,70,95,125,65,75,45,5,False,0.76
423,GASTRODON,Water,Ground,475.0,111,83,68,92,82,39,4,False,1.2205882352941178
709,TREVENANT,Ghost,Grass,474.0,85,110,76,65,82,56,6,False,1.4473684210526316
297,HARIYAMA,Fighting,None,474.0,144,120,60,40,60,50,3,False,2.0
416,VESPIQUEN,Bug,Flying,474.0,70,80,102,80,102,40,4,False,0.7843137254901961
569,GARBODOR,Poison,None,474.0,80,95,82,60,82,75,5,False,1.1585365853658536
581,SWANNA,Water,Flying,473.0,75,87,63,87,63,98,5,False,1.380952380952381
596,GALVANTULA,Bug,Electric,472.0,70,77,60,97,60,108,5,False,1.2833333333333334
676,FURFROU,Normal,None,472.0,75,80,60,65,90,102,6,False,1.3333333333333333
618,STUNFISK,Ground,Electric,471.0,109,66,84,81,99,32,5,False,0.7857142857142857
178,XATU,Psychic,Flying,470.0,65,75,70,95,70,95,2,False,1.0714285714285714
326,GRUMPIG,Psychic,None,470.0,80,45,65,90,110,80,3,False,0.6923076923076923
324,TORKOAL,Fire,None,470.0,70,85,140,85,70,20,3,False,0.6071428571428571
707,KLEFKI,Steel,Fairy,470.0,57,80,91,80,87,75,6,False,0.8791208791208791
573,CINCCINO,Normal,None,470.0,75,95,60,65,60,115,5,False,1.5833333333333333
594,ALOMOMOLA,Water,None,470.0,165,75,80,40,45,65,5,False,0.9375
342,CRAWDAUNT,Water,Dark,468.0,63,120,85,90,55,55,3,False,1.411764705882353
340,WHISCASH,Water,Ground,468.0,110,78,73,76,71,60,3,False,1.0684931506849316
317,SWALOT,Poison,None,467.0,100,73,83,73,83,55,3,False,0.8795180722891566
678,MEOWSTICMALE,Psychic,None,466.0,74,48,76,83,81,104,6,False,0.631578947368421
678,MEOWSTICFEMALE,Psychic,None,466.0,74,48,76,83,81,104,6,False,0.631578947368421
227,SKARMORY,Steel,Flying,465.0,65,80,140,40,70,70,2,False,0.5714285714285714
82,MAGNETON,Electric,Steel,465.0,50,60,95,120,70,70,1,False,0.631578947368421
205,FORRETRESS,Bug,Steel,465.0,75,90,140,60,60,40,2,False,0.6428571428571429
359,ABSOL,Dark,None,465.0,65,130,60,75,60,75,3,False,2.1666666666666665
539,SAWK,Fighting,None,465.0,75,125,75,30,75,85,5,False,1.6666666666666667
234,STANTLER,Normal,None,465.0,73,95,62,85,65,85,2,False,1.532258064516129
538,THROH,Fighting,None,465.0,120,100,85,30,85,45,5,False,1.1764705882352942
226,MANTINE,Water,Flying,465.0,65,40,70,80,140,70,2,False,0.5714285714285714
591,AMOONGUSS,Grass,Poison,464.0,114,85,70,85,80,30,5,False,1.2142857142857142
683,AROMATISSE,Fairy,None,462.0,101,72,72,99,89,29,6,False,1.0
556,MARACTUS,Grass,None,461.0,75,86,67,106,67,60,5,False,1.2835820895522387
85,DODRIO,Normal,Flying,460.0,60,110,70,60,60,100,1,False,1.5714285714285714
357,TROPIUS,Grass,Flying,460.0,99,68,83,72,87,51,3,False,0.8192771084337349
550,BASCULIN,Water,None,460.0,70,92,65,80,55,98,5,False,1.4153846153846155
189,JUMPLUFF,Grass,Flying,460.0,75,55,70,55,95,110,2,False,0.7857142857142857
171,LANTURN,Water,Electric,460.0,125,58,58,76,76,67,2,False,1.0
457,LUMINEON,Water,None,460.0,69,69,76,69,86,91,4,False,0.9078947368421053
286,BRELOOM,Grass,Fighting,460.0,60,130,80,60,60,70,3,False,1.625
319,SHARPEDO,Water,Dark,460.0,70,120,40,95,40,95,3,False,3.0
323,CAMERUPT,Fire,Ground,460.0,70,100,70,105,75,40,3,False,1.4285714285714286
122,MR. MIME,Psychic,Fairy,460.0,40,45,65,100,120,90,1,False,0.6923076923076923
336,SEVIPER,Poison,None,458.0,73,100,60,100,60,65,3,False,1.6666666666666667
335,ZANGOOSE,Normal,None,458.0,73,115,60,60,60,90,3,False,1.9166666666666667
291,NINJASK,Bug,Flying,456.0,61,90,45,50,50,160,3,False,2.0
354,BANETTE,Ghost,None,455.0,64,115,65,83,63,65,3,False,1.7692307692307692
124,JYNX,Ice,Psychic,455.0,65,50,35,115,95,95,1,False,1.4285714285714286
106,HITMONLEE,Fighting,None,455.0,50,120,53,35,110,87,1,False,2.2641509433962264
203,GIRAFARIG,Normal,Psychic,455.0,70,80,65,90,65,85,2,False,1.2307692307692308
57,PRIMEAPE,Fighting,None,455.0,65,105,60,60,70,95,1,False,1.75
42,GOLBAT,Poison,Flying,455.0,75,80,70,65,75,90,1,False,1.1428571428571428
107,HITMONCHAN,Fighting,None,455.0,50,105,79,35,110,76,1,False,1.3291139240506329
356,DUSCLOPS,Ghost,None,455.0,40,70,130,60,130,25,3,False,0.5384615384615384
237,HITMONTOP,Fighting,None,455.0,50,95,95,35,110,70,2,False,1.0
455,CARNIVINE,Grass,None,454.0,74,100,72,90,72,46,4,False,1.3888888888888888
705,SLIGGOO,Dragon,None,452.0,68,75,53,83,113,60,6,False,1.4150943396226414
432,PURUGLY,Normal,None,452.0,71,82,64,64,59,112,4,False,1.28125
421,CHERRIM,Grass,None,450.0,70,60,70,87,78,85,4,False,0.8571428571428571
210,GRANBULL,Fairy,None,450.0,90,120,75,60,60,45,2,False,1.6
49,VENOMOTH,Bug,Poison,450.0,70,65,60,90,75,90,1,False,1.0833333333333333
28,SANDSLASH,Ground,None,450.0,75,100,110,45,55,65,1,False,0.9090909090909091
119,SEAKING,Water,None,450.0,80,92,65,65,80,68,1,False,1.4153846153846155
221,PILOSWINE,Ice,Ground,450.0,100,100,80,60,60,50,2,False,1.25
113,CHANSEY,Normal,None,450.0,250,5,5,35,105,50,1,False,1.0
680,DOUBLADE,Steel,Ghost,448.0,59,110,150,45,49,35,6,False,0.7333333333333333
510,LIEPARD,Dark,None,446.0,64,88,50,88,50,106,5,False,1.76
531,AUDINO,Normal,None,445.0,103,60,86,60,86,50,5,False,0.6976744186046512
164,NOCTOWL,Normal,Flying,442.0,100,50,50,76,96,70,2,False,1.0
22,FEAROW,Normal,Flying,442.0,65,90,65,61,61,100,1,False,1.3846153846153846
479,ROTOM,Electric,Ghost,440.0,50,50,77,95,77,91,4,False,0.6493506493506493
53,PERSIAN,Normal,None,440.0,65,70,60,65,65,115,1,False,1.1666666666666667
352,KECLEON,Normal,None,440.0,60,90,70,60,120,40,3,False,1.2857142857142858
337,LUNATONE,Rock,Psychic,440.0,70,55,65,95,85,70,3,False,0.8461538461538461
117,SEADRA,Water,None,440.0,55,65,95,95,45,85,1,False,0.6842105263157895
338,SOLROCK,Rock,Psychic,440.0,70,95,85,55,65,70,3,False,1.1176470588235294
600,KLANG,Steel,None,440.0,60,80,95,70,85,50,5,False,0.8421052631578947
288,VIGOROTH,Normal,None,440.0,80,80,80,55,55,90,3,False,1.0
24,ARBOK,Poison,None,438.0,60,85,69,65,79,80,1,False,1.2318840579710144
40,WIGGLYTUFF,Normal,Fairy,435.0,140,70,45,85,50,45,1,False,1.5555555555555556
114,TANGELA,Grass,None,435.0,65,55,115,100,40,60,1,False,0.4782608695652174
200,MISDREAVUS,Ghost,None,435.0,60,60,60,85,85,85,2,False,1.0
702,DEDENNE,Electric,Fairy,431.0,67,58,57,81,67,101,6,False,1.0175438596491229
279,PELIPPER,Water,Flying,430.0,60,50,100,85,70,65,3,False,0.5
277,SWELLOW,Normal,Flying,430.0,60,85,60,50,50,125,3,False,1.4166666666666667
207,GLIGAR,Ground,Flying,430.0,65,75,105,35,65,85,2,False,0.7142857142857143
211,QWILFISH,Water,Poison,430.0,65,95,75,55,55,85,2,False,1.2666666666666666
215,SNEASEL,Dark,Ice,430.0,55,95,55,35,75,115,2,False,1.7272727272727273
195,QUAGSIRE,Water,Ground,430.0,95,85,85,65,65,35,2,False,1.0
305,LAIRON,Steel,Rock,430.0,60,90,140,50,50,40,3,False,0.6428571428571429
587,EMOLGA,Electric,Flying,428.0,55,75,60,75,60,103,5,False,1.25
105,MAROWAK,Ground,None,425.0,60,80,110,50,80,45,1,False,0.7272727272727273
192,SUNFLORA,Grass,None,425.0,75,75,55,105,85,30,2,False,1.3636363636363635
528,SWOOBAT,Psychic,Flying,425.0,67,57,55,77,55,114,5,False,1.0363636363636364
358,CHIMECHO,Psychic,None,425.0,65,50,70,95,80,65,3,False,0.7142857142857143
413,WORMADAMPLANT CLOAK,Bug,Grass,424.0,60,59,85,79,105,36,4,False,0.6941176470588235
413,WORMADAMSANDY CLOAK,Bug,Ground,424.0,60,79,105,59,85,36,4,False,0.7523809523809524
413,WORMADAMTRASH CLOAK,Bug,Steel,424.0,60,69,95,69,95,36,4,False,0.7263157894736842
414,MOTHIM,Bug,Flying,424.0,70,94,50,94,50,66,4,False,1.88
660,DIGGERSBY,Normal,Ground,423.0,85,56,77,50,77,78,6,False,0.7272727272727273
505,WATCHOG,Normal,None,420.0,60,85,69,60,69,77,5,False,1.2318840579710144
634,ZWEILOUS,Dark,Dragon,420.0,72,85,70,65,70,58,5,False,1.2142857142857142
148,DRAGONAIR,Dragon,None,420.0,61,84,65,70,70,70,1,False,1.2923076923076924
262,MIGHTYENA,Dark,None,420.0,70,90,70,60,60,70,3,False,1.2857142857142858
184,AZUMARILL,Water,Fairy,420.0,100,50,80,60,80,50,2,False,0.625
375,METANG,Steel,Psychic,420.0,60,75,100,55,80,50,3,False,0.75
351,CASTFORM,Normal,None,420.0,70,70,70,70,70,70,3,False,1.0
372,SHELGON,Dragon,None,420.0,65,95,100,60,50,50,3,False,0.95
264,LINOONE,Normal,None,420.0,78,70,61,50,61,100,3,False,1.1475409836065573
499,PIGNITE,Fire,Fighting,418.0,90,93,55,70,55,55,5,False,1.690909090909091
162,FURRET,Normal,None,415.0,85,76,64,45,55,90,2,False,1.1875
206,DUNSPARCE,Normal,None,415.0,100,70,70,65,65,45,2,False,1.0
284,MASQUERAIN,Bug,Flying,414.0,70,60,62,80,82,60,3,False,0.967741935483871
502,DEWOTT,Water,None,413.0,75,75,60,83,60,60,5,False,1.25
20,RATICATE,Normal,None,413.0,55,81,60,50,70,97,1,False,1.35
496,SERVINE,Grass,None,413.0,60,60,75,60,75,83,5,False,0.8
666,VIVILLON,Bug,Flying,411.0,80,52,50,90,50,89,6,False,1.04
441,CHATOT,Normal,Flying,411.0,76,65,45,92,42,91,4,False,1.4444444444444444
308,MEDICHAM,Fighting,Psychic,410.0,60,60,75,60,75,80,3,False,0.8
400,BIBAREL,Normal,Water,410.0,79,85,60,55,60,71,4,False,1.4166666666666667
77,PONYTA,Fire,None,410.0,50,85,55,65,65,90,1,False,1.5454545454545454
185,SUDOWOODO,Rock,None,410.0,70,100,115,30,65,30,2,False,0.8695652173913043
219,MAGCARGO,Fire,Rock,410.0,50,50,120,80,80,30,2,False,0.4166666666666667
364,SEALEO,Ice,Water,410.0,90,60,70,75,70,45,3,False,0.8571428571428571
611,FRAXURE,Dragon,None,410.0,66,117,70,40,50,67,5,False,1.6714285714285715
444,GABITE,Dragon,Ground,410.0,68,90,65,50,55,82,4,False,1.3846153846153846
247,PUPITAR,Rock,Ground,410.0,70,84,70,65,70,51,2,False,1.2
654,BRAIXEN,Fire,None,409.0,59,59,58,90,70,73,6,False,1.0172413793103448
51,DUGTRIO,Ground,None,405.0,35,80,50,50,70,120,1,False,1.6
259,MARSHTOMP,Water,Ground,405.0,70,85,70,60,70,50,3,False,1.2142857142857142
603,EELEKTRIK,Electric,None,405.0,65,85,70,75,70,40,5,False,1.2142857142857142
176,TOGETIC,Fairy,Flying,405.0,55,40,85,80,105,40,2,False,0.47058823529411764
256,COMBUSKEN,Fire,Fighting,405.0,60,85,60,85,60,55,3,False,1.4166666666666667
202,WOBBUFFET,Psychic,None,405.0,190,33,58,33,58,33,2,False,0.5689655172413793
2,IVYSAUR,Grass,Poison,405.0,60,62,63,80,80,60,1,False,0.9841269841269841
533,GURDURR,Fighting,None,405.0,85,105,85,40,50,40,5,False,1.2352941176470589
253,GROVYLE,Grass,None,405.0,50,65,45,85,65,95,3,False,1.4444444444444444
67,MACHOKE,Fighting,None,405.0,80,100,70,50,60,45,1,False,1.4285714285714286
651,QUILLADIN,Grass,None,405.0,61,78,95,56,58,57,6,False,0.8210526315789474
93,HAUNTER,Ghost,Poison,405.0,45,50,45,115,55,95,1,False,1.1111111111111112
156,QUILAVA,Fire,None,405.0,58,64,58,80,65,80,2,False,1.103448275862069
417,PACHIRISU,Electric,None,405.0,60,45,70,45,90,95,4,False,0.6428571428571429
8,WARTORTLE,Water,None,405.0,59,63,80,65,80,58,1,False,0.7875
394,PRINPLUP,Water,None,405.0,64,66,68,81,76,50,4,False,0.9705882352941176
391,MONFERNO,Fire,Fighting,405.0,64,78,52,78,52,81,4,False,1.5
388,GROTLE,Grass,None,405.0,75,89,85,55,65,36,4,False,1.0470588235294118
198,MURKROW,Dark,Flying,405.0,60,85,42,85,42,91,2,False,2.0238095238095237
311,PLUSLE,Electric,None,405.0,60,50,40,85,75,95,3,False,1.25
657,FROGADIER,Water,None,405.0,54,63,52,83,56,97,6,False,1.2115384615384615
159,CROCONAW,Water,None,405.0,65,80,80,59,63,58,2,False,1.0
312,MINUN,Electric,None,405.0,60,40,50,75,85,95,3,False,0.8
47,PARASECT,Bug,Grass,405.0,60,95,80,60,80,30,1,False,1.1875
153,BAYLEEF,Grass,None,405.0,60,62,80,63,80,60,2,False,0.775
5,CHARMELEON,Fire,None,405.0,58,64,58,80,65,80,1,False,1.103448275862069
566,ARCHEN,Rock,Flying,401.0,55,112,45,74,45,70,5,False,2.488888888888889
315,ROSELIA,Grass,Poison,400.0,50,60,45,100,80,65,3,False,1.3333333333333333
313,VOLBEAT,Bug,None,400.0,65,73,55,47,75,85,3,False,1.3272727272727274
64,KADABRA,Psychic,None,400.0,40,35,30,120,70,105,1,False,1.1666666666666667
314,ILLUMISE,Bug,None,400.0,65,47,55,73,75,85,3,False,0.8545454545454545
320,WAILMER,Water,None,400.0,130,70,35,70,35,60,3,False,2.0
583,VANILLISH,Ice,None,395.0,51,65,65,80,75,59,5,False,1.0
12,BUTTERFREE,Bug,Flying,395.0,60,45,50,90,80,70,1,False,0.9
44,GLOOM,Grass,Poison,395.0,60,65,70,85,75,40,1,False,0.9285714285714286
267,BEAUTIFLY,Bug,Flying,395.0,60,70,50,100,50,65,3,False,1.4
15,BEEDRILL,Bug,Poison,395.0,65,90,40,45,80,75,1,False,2.25
137,PORYGON,Normal,None,395.0,65,60,70,85,75,40,1,False,0.8571428571428571
575,GOTHORITA,Psychic,None,390.0,60,45,70,75,85,55,5,False,0.6428571428571429
70,WEEPINBELL,Grass,Poison,390.0,65,90,50,85,45,55,1,False,1.8
193,YANMA,Bug,Flying,390.0,65,65,45,75,45,95,2,False,1.4444444444444444
75,GRAVELER,Rock,Ground,390.0,55,95,115,45,45,35,1,False,0.8260869565217391
168,ARIADOS,Bug,Poison,390.0,70,90,70,60,60,40,2,False,1.2857142857142858
525,BOLDORE,Rock,None,390.0,70,105,105,50,40,20,5,False,1.0
166,LEDIAN,Bug,Flying,390.0,55,35,50,55,110,85,2,False,0.7
446,MUNCHLAX,Normal,None,390.0,135,85,40,40,85,5,4,False,2.125
61,POLIWHIRL,Water,None,385.0,65,65,65,50,50,90,1,False,1.0
269,DUSTOX,Bug,Poison,385.0,60,50,70,50,90,65,3,False,0.7142857142857143
95,ONIX,Rock,Ground,385.0,35,45,160,30,45,70,1,False,0.28125
108,LICKITUNG,Normal,None,385.0,90,55,75,60,75,30,1,False,0.7333333333333333
536,PALPITOAD,Water,Ground,384.0,75,65,55,65,55,69,5,False,1.1818181818181819
402,KRICKETUNE,Bug,None,384.0,77,85,51,55,51,65,4,False,1.6666666666666667
662,FLETCHINDER,Fire,Flying,382.0,62,73,55,56,52,84,6,False,1.3272727272727274
541,SWADLOON,Bug,Grass,380.0,55,63,90,50,80,42,5,False,0.7
301,DELCATTY,Normal,None,380.0,70,65,65,55,55,70,3,False,1.0
302,SABLEYE,Dark,Ghost,380.0,50,75,75,65,65,50,3,False,1.0
303,MAWILE,Steel,Fairy,380.0,50,85,85,55,55,50,3,False,1.0
222,CORSOLA,Water,Rock,380.0,55,55,85,65,85,35,2,False,0.6470588235294118
299,NOSEPASS,Rock,None,375.0,30,45,135,45,90,30,3,False,0.3333333333333333
670,FLOETTE,Fairy,None,371.0,54,45,47,75,98,52,6,False,0.9574468085106383
507,HERDIER,Normal,None,370.0,65,80,65,35,65,60,5,False,1.2307692307692308
629,VULLABY,Dark,Flying,370.0,70,55,75,45,65,60,5,False,0.7333333333333333
578,DUOSION,Psychic,None,370.0,65,40,50,125,60,30,5,False,0.8
608,LAMPENT,Ghost,Fire,370.0,60,40,60,95,60,55,5,False,0.6666666666666666
667,LITLEO,Fire,Normal,369.0,62,50,58,73,54,72,6,False,0.8620689655172413
240,MAGBY,Fire,None,365.0,45,75,37,70,55,83,2,False,2.027027027027027
180,FLAAFFY,Electric,None,365.0,70,55,55,80,60,45,2,False,1.0
33,NIDORINO,Poison,None,365.0,61,72,57,55,55,65,1,False,1.263157894736842
30,NIDORINA,Poison,None,365.0,70,62,67,55,55,56,1,False,0.9253731343283582
404,LUXIO,Electric,None,363.0,60,85,49,60,49,60,4,False,1.7346938775510203
698,AMAURA,Rock,Ice,362.0,77,59,50,67,63,46,6,False,1.18
696,TYRUNT,Rock,Dragon,362.0,58,89,77,45,45,48,6,False,1.155844155844156
327,SPINDA,Normal,None,360.0,60,60,60,60,60,60,3,False,1.0
190,AIPOM,Normal,None,360.0,55,70,55,40,55,85,2,False,1.2727272727272727
636,LARVESTA,Bug,Fire,360.0,55,85,55,50,55,60,5,False,1.5454545454545454
544,WHIRLIPEDE,Bug,Poison,360.0,40,55,99,40,79,47,5,False,0.5555555555555556
239,ELEKID,Electric,None,360.0,45,63,37,65,55,95,2,False,1.7027027027027026
294,LOUDRED,Normal,None,360.0,84,71,43,71,43,48,3,False,1.6511627906976745
520,TRANQUILL,Normal,Flying,358.0,62,77,62,50,42,65,5,False,1.2419354838709677
677,ESPURR,Psychic,None,355.0,62,48,54,63,60,68,6,False,0.8888888888888888
138,OMANYTE,Rock,Water,355.0,35,40,100,90,55,35,1,False,0.4
564,TIRTOUGA,Water,Rock,355.0,54,78,103,53,45,22,5,False,0.7572815533980582
140,KABUTO,Rock,Water,355.0,30,80,90,55,45,55,1,False,0.8888888888888888
345,LILEEP,Rock,Grass,355.0,66,41,77,61,87,23,3,False,0.5324675324675324
347,ANORITH,Rock,Bug,355.0,45,95,50,40,50,75,3,False,1.9
83,FARFETCH'D,Normal,Flying,352.0,52,65,55,58,62,60,1,False,1.1818181818181819
552,KROKOROK,Ground,Dark,351.0,60,82,45,45,45,74,5,False,1.8222222222222222
410,SHIELDON,Rock,Steel,350.0,30,42,118,42,88,30,4,False,0.3559322033898305
58,GROWLITHE,Fire,None,350.0,55,70,45,70,50,60,1,False,1.5555555555555556
408,CRANIDOS,Rock,None,350.0,67,125,40,30,30,58,4,False,3.125
619,MIENFOO,Fighting,None,350.0,45,85,50,55,50,65,5,False,1.7
672,SKIDDO,Grass,None,350.0,66,65,48,62,57,52,6,False,1.3541666666666667
427,BUNEARY,Normal,None,350.0,55,66,44,44,56,85,4,False,1.5
627,RUFFLET,Normal,Flying,350.0,70,83,50,37,50,60,5,False,1.66
17,PIDGEOTTO,Normal,Flying,349.0,63,60,55,50,50,71,1,False,1.0909090909090908
425,DRIFLOON,Ghost,Flying,348.0,90,50,34,60,44,70,4,False,1.4705882352941178
674,PANCHAM,Fighting,None,348.0,67,82,62,46,48,43,6,False,1.3225806451612903
559,SCRAGGY,Dark,Fighting,348.0,50,75,70,35,70,48,5,False,1.0714285714285714
458,MANTYKE,Water,Flying,345.0,45,20,50,60,120,50,4,False,0.4
111,RHYHORN,Ground,Rock,345.0,80,85,95,30,30,25,1,False,0.8947368421052632
366,CLAMPERL,Water,None,345.0,35,64,85,74,55,32,3,False,0.7529411764705882
684,SWIRLIX,Fairy,None,341.0,62,48,66,59,57,49,6,False,0.7272727272727273
682,SPRITZEE,Fairy,None,341.0,78,52,60,63,65,23,6,False,0.8666666666666667
329,VIBRAVA,Ground,Dragon,340.0,50,70,50,50,50,70,3,False,1.4
624,PAWNIARD,Dark,Steel,340.0,45,85,70,40,40,60,5,False,1.2142857142857142
109,KOFFING,Poison,None,340.0,40,65,95,60,45,35,1,False,0.6842105263157895
188,SKIPLOOM,Grass,Flying,340.0,55,45,50,45,65,80,2,False,0.9
397,STARAVIA,Normal,Flying,340.0,55,75,50,40,40,80,4,False,1.5
274,NUZLEAF,Grass,Dark,340.0,70,70,40,60,40,60,3,False,1.75
120,STARYU,Water,None,340.0,30,45,55,70,55,85,1,False,0.8181818181818182
271,LOMBRE,Water,Grass,340.0,60,50,50,60,70,50,3,False,1.0
201,UNOWN,Psychic,None,336.0,48,72,48,72,48,48,2,False,1.5
710,PUMPKABOOSMALL SIZE,Ghost,Grass,335.0,44,66,70,44,55,56,6,False,0.9428571428571428
710,PUMPKABOOLARGE SIZE,Ghost,Grass,335.0,54,66,70,44,55,46,6,False,0.9428571428571428
592,FRILLISH,Water,Ghost,335.0,55,40,50,65,85,40,5,False,0.8
710,PUMPKABOOAVERAGE SIZE,Ghost,Grass,335.0,49,66,70,44,55,51,6,False,0.9428571428571428
72,TENTACOOL,Water,Poison,335.0,40,40,35,50,100,70,1,False,1.1428571428571428
605,ELGYEM,Psychic,None,335.0,55,55,55,85,55,30,5,False,1.0
710,PUMPKABOOSUPER SIZE,Ghost,Grass,335.0,59,66,70,44,55,41,6,False,0.9428571428571428
331,CACNEA,Grass,None,335.0,50,85,40,85,40,35,3,False,2.125
585,DEERLING,Normal,Grass,335.0,60,60,50,40,50,75,5,False,1.2
459,SNOVER,Grass,Ice,334.0,60,62,50,62,60,40,4,False,1.24
100,VOLTORB,Electric,None,330.0,40,30,50,55,55,100,1,False,0.6
170,CHINCHOU,Water,Electric,330.0,75,38,38,56,56,67,2,False,1.0
418,BUIZEL,Water,None,330.0,55,65,35,60,30,85,4,False,1.8571428571428572
449,HIPPOPOTAS,Ground,None,330.0,68,72,78,38,42,32,4,False,0.9230769230769231
570,ZORUA,Dark,None,330.0,40,65,40,80,40,65,5,False,1.625
370,LUVDISC,Water,None,330.0,43,30,55,40,65,97,3,False,0.5454545454545454
451,SKORUPI,Poison,Bug,330.0,40,50,90,30,55,65,4,False,0.5555555555555556
456,FINNEON,Water,None,330.0,49,49,56,49,61,66,4,False,0.875
216,TEDDIURSA,Normal,None,330.0,60,80,50,50,50,40,2,False,1.6
325,SPOINK,Psychic,None,330.0,60,25,35,70,80,60,3,False,0.7142857142857143
225,DELIBIRD,Ice,Flying,330.0,45,55,45,65,45,75,2,False,1.2222222222222223
228,HOUNDOUR,Dark,Fire,330.0,45,60,30,80,50,65,2,False,2.0
304,ARON,Steel,Rock,330.0,50,70,100,40,40,30,3,False,0.7
231,PHANPY,Ground,None,330.0,90,60,60,40,40,40,2,False,1.0
692,CLAUNCHER,Water,None,330.0,50,53,62,58,63,44,6,False,0.8548387096774194
568,TRUBBISH,Poison,None,329.0,50,50,62,40,62,65,5,False,0.8064516129032258
434,STUNKY,Poison,Dark,329.0,63,63,47,41,41,74,4,False,1.3404255319148937
96,DROWZEE,Psychic,None,328.0,60,48,45,43,90,42,1,False,1.0666666666666667
529,DRILBUR,Ground,None,328.0,60,85,40,30,45,68,5,False,2.125
86,SEEL,Water,None,325.0,65,45,55,45,70,45,1,False,0.8181818181818182
422,SHELLOS,Water,None,325.0,76,48,48,57,62,34,4,False,1.0
679,HONEDGE,Steel,Ghost,325.0,45,80,100,35,37,28,6,False,0.8
133,EEVEE,Normal,None,325.0,55,55,50,45,65,55,1,False,1.1
102,EXEGGCUTE,Grass,Psychic,325.0,60,40,80,60,45,40,1,False,0.5
81,MAGNEMITE,Electric,Steel,325.0,25,35,70,95,55,45,1,False,0.5
88,GRIMER,Poison,None,325.0,80,80,50,40,50,25,1,False,1.6
557,DWEBBLE,Bug,Rock,325.0,50,65,85,35,35,55,5,False,0.7647058823529411
98,KRABBY,Water,None,325.0,30,105,90,25,25,50,1,False,1.1666666666666667
35,CLEFAIRY,Fairy,None,323.0,70,45,48,60,65,35,1,False,0.9375
43,ODDISH,Grass,Poison,320.0,45,50,55,75,65,30,1,False,0.9090909090909091
54,PSYDUCK,Water,None,320.0,50,52,48,65,50,55,1,False,1.0833333333333333
104,CUBONE,Ground,None,320.0,50,50,95,40,50,35,1,False,0.5263157894736842
118,GOLDEEN,Water,None,320.0,45,67,60,35,50,63,1,False,1.1166666666666667
25,PIKACHU,Electric,None,320.0,35,55,40,50,50,90,1,False,1.375
177,NATU,Psychic,Flying,320.0,40,50,45,70,45,70,2,False,1.1111111111111112
610,AXEW,Dragon,None,320.0,46,87,60,30,40,57,5,False,1.45
690,SKRELP,Poison,Water,320.0,50,60,60,60,60,30,6,False,1.0
595,JOLTIK,Bug,Electric,319.0,50,47,50,57,50,65,5,False,0.94
387,TURTWIG,Grass,None,318.0,55,68,64,45,55,31,4,False,1.0625
152,CHIKORITA,Grass,None,318.0,45,49,65,49,65,45,2,False,0.7538461538461538
1,BULBASAUR,Grass,Poison,318.0,45,49,49,65,65,45,1,False,1.0
515,PANPOUR,Water,None,316.0,50,53,48,53,48,64,5,False,1.1041666666666667
513,PANSEAR,Fire,None,316.0,50,53,48,53,48,64,5,False,1.1041666666666667
511,PANSAGE,Grass,None,316.0,50,53,48,53,48,64,5,False,1.1041666666666667
79,SLOWPOKE,Water,Psychic,315.0,90,65,65,40,40,15,1,False,1.0
588,KARRABLAST,Bug,None,315.0,50,75,45,40,45,60,5,False,1.6666666666666667
554,DARUMAKA,Fire,None,315.0,70,90,45,15,45,50,5,False,2.0
158,TOTODILE,Water,None,314.0,50,65,64,44,48,43,2,False,1.015625
393,PIPLUP,Water,None,314.0,53,51,53,61,56,40,4,False,0.9622641509433962
656,FROAKIE,Water,None,314.0,41,56,40,62,44,71,6,False,1.4
7,SQUIRTLE,Water,None,314.0,44,48,65,50,64,43,1,False,0.7384615384615385
527,WOOBAT,Psychic,Flying,313.0,55,45,43,55,43,72,5,False,1.0465116279069768
650,CHESPIN,Grass,None,313.0,56,61,65,48,45,38,6,False,0.9384615384615385
255,TORCHIC,Fire,None,310.0,45,60,40,70,50,45,3,False,1.5
439,MIME JR.,Psychic,Fairy,310.0,20,25,45,70,90,60,4,False,0.5555555555555556
431,GLAMEOW,Normal,None,310.0,49,55,42,42,37,85,4,False,1.3095238095238095
258,MUDKIP,Water,None,310.0,50,70,50,50,50,40,3,False,1.4
92,GASTLY,Ghost,Poison,310.0,30,35,30,100,35,80,1,False,1.1666666666666667
84,DODUO,Normal,Flying,310.0,35,85,45,35,35,75,1,False,1.8888888888888888
63,ABRA,Psychic,None,310.0,25,20,15,105,55,90,1,False,1.3333333333333333
252,TREECKO,Grass,None,310.0,40,45,35,65,55,70,3,False,1.2857142857142858
333,SWABLU,Normal,Flying,310.0,45,40,60,40,75,50,3,False,0.6666666666666666
540,SEWADDLE,Bug,Grass,310.0,45,53,70,40,60,42,5,False,0.7571428571428571
155,CYNDAQUIL,Fire,None,309.0,39,52,43,60,50,65,2,False,1.2093023255813953
4,CHARMANDER,Fire,None,309.0,39,52,43,60,50,65,1,False,1.2093023255813953
708,PHANTUMP,Ghost,Grass,309.0,43,70,48,50,60,38,6,False,1.4583333333333333
390,CHIMCHAR,Fire,None,309.0,44,58,44,58,44,61,4,False,1.3181818181818181
501,OSHAWOTT,Water,None,308.0,55,55,45,63,45,45,5,False,1.2222222222222223
498,TEPIG,Fire,None,308.0,65,63,45,45,45,45,5,False,1.4
495,SNIVY,Grass,None,308.0,45,45,55,45,55,63,5,False,0.8181818181818182
341,CORPHISH,Water,None,308.0,43,80,65,50,35,35,3,False,1.2307692307692308
653,FENNEKIN,Fire,None,307.0,40,45,40,62,60,60,6,False,1.125
688,BINACLE,Rock,Water,306.0,42,52,67,39,56,50,6,False,0.7761194029850746
318,CARVANHA,Water,Dark,305.0,45,90,20,65,20,65,3,False,4.5
616,SHELMET,Bug,None,305.0,50,40,85,40,65,25,5,False,0.47058823529411764
613,CUBCHOO,Ice,None,305.0,55,70,40,60,40,40,5,False,1.75
66,MACHOP,Fighting,None,305.0,70,80,50,35,35,35,1,False,1.6
322,NUMEL,Fire,Ground,305.0,60,60,40,65,45,35,3,False,1.5
48,VENONAT,Bug,Poison,305.0,60,55,50,40,55,45,1,False,1.1
90,SHELLDER,Water,None,305.0,30,65,100,45,25,40,1,False,0.65
532,TIMBURR,Fighting,None,305.0,75,80,55,25,35,35,5,False,1.4545454545454546
580,DUCKLETT,Water,Flying,305.0,62,44,50,44,50,55,5,False,0.88
597,FERROSEED,Grass,Steel,305.0,44,50,91,24,86,10,5,False,0.5494505494505495
56,MANKEY,Fighting,None,305.0,40,80,35,35,45,70,1,False,2.2857142857142856
238,SMOOCHUM,Ice,Psychic,305.0,45,30,15,85,65,65,2,False,2.0
582,VANILLITE,Ice,None,305.0,36,50,50,65,60,44,5,False,1.0
712,BERGMITE,Ice,None,304.0,55,69,85,32,35,28,6,False,0.8117647058823529
622,GOLETT,Ground,Ghost,303.0,59,74,50,35,50,35,5,False,1.48
562,YAMASK,Ghost,None,303.0,38,30,85,55,65,30,5,False,0.35294117647058826
669,FLABB,Fairy,None,303.0,44,38,39,61,79,42,6,False,0.9743589743589743
316,GULPIN,Poison,None,302.0,70,43,53,43,53,40,3,False,0.8113207547169812
343,BALTOY,Ground,Psychic,300.0,40,40,55,40,70,55,3,False,0.7272727272727273
27,SANDSHREW,Ground,None,300.0,50,75,85,20,30,40,1,False,0.8823529411764706
704,GOOMY,Dragon,None,300.0,45,50,35,55,75,40,6,False,1.4285714285714286
246,LARVITAR,Rock,Ground,300.0,50,64,50,45,50,41,2,False,1.28
633,DEINO,Dark,Dragon,300.0,52,65,50,45,50,38,5,False,1.3
147,DRATINI,Dragon,None,300.0,41,64,45,50,50,50,1,False,1.4222222222222223
223,REMORAID,Water,None,300.0,35,65,35,65,35,65,2,False,1.8571428571428572
453,CROAGUNK,Poison,Fighting,300.0,48,61,40,61,40,50,4,False,1.525
60,POLIWAG,Water,None,300.0,40,50,40,40,40,90,1,False,1.25
69,BELLSPROUT,Grass,Poison,300.0,50,75,35,70,30,40,1,False,2.142857142857143
209,SNUBBULL,Fairy,None,300.0,60,80,50,40,40,30,2,False,1.6
599,KLINK,Steel,None,300.0,40,55,70,45,60,30,5,False,0.7857142857142857
74,GEODUDE,Rock,Ground,300.0,40,80,100,30,30,20,1,False,0.8
361,SNORUNT,Ice,None,300.0,50,50,50,50,50,50,3,False,1.0
374,BELDUM,Steel,Psychic,300.0,40,55,80,35,60,30,3,False,0.6875
436,BRONZOR,Steel,Psychic,300.0,57,24,86,24,86,23,4,False,0.27906976744186046
572,MINCCINO,Normal,None,300.0,55,50,40,40,40,75,5,False,1.25
443,GIBLE,Dragon,Ground,300.0,58,70,45,40,45,42,4,False,1.5555555555555556
371,BAGON,Dragon,None,300.0,45,75,60,40,30,50,3,False,1.25
37,VULPIX,Fire,None,299.0,38,41,40,50,65,65,1,False,1.025
522,BLITZLE,Electric,None,295.0,45,60,32,50,32,76,5,False,1.875
355,DUSKULL,Ghost,None,295.0,20,40,90,30,90,25,3,False,0.4444444444444444
353,SHUPPET,Ghost,None,295.0,44,75,35,63,33,45,3,False,2.142857142857143
285,SHROOMISH,Grass,None,295.0,60,40,60,40,60,35,3,False,0.6666666666666666
116,HORSEA,Water,None,295.0,30,40,70,70,25,60,1,False,0.5714285714285714
309,ELECTRIKE,Electric,None,295.0,40,45,40,65,40,65,3,False,1.125
535,TYMPOLE,Water,None,294.0,50,50,40,50,40,64,5,False,1.25
590,FOONGUS,Grass,Poison,294.0,69,55,45,55,55,15,5,False,1.2222222222222223
551,SANDILE,Ground,Dark,292.0,50,72,35,35,35,65,5,False,2.057142857142857
517,MUNNA,Psychic,None,292.0,76,25,45,67,55,24,5,False,0.5555555555555556
363,SPHEAL,Ice,Water,290.0,70,40,50,55,50,25,3,False,0.8
204,PINECO,Bug,None,290.0,50,65,90,35,35,15,2,False,0.7222222222222222
328,TRAPINCH,Ground,None,290.0,45,100,45,45,45,10,3,False,2.2222222222222223
52,MEOWTH,Normal,None,290.0,40,45,35,40,40,90,1,False,1.2857142857142858
438,BONSLY,Rock,None,290.0,50,80,95,10,45,10,4,False,0.8421052631578947
574,GOTHITA,Psychic,None,290.0,45,30,50,55,65,45,5,False,0.6
577,SOLOSIS,Psychic,None,290.0,45,30,40,105,50,20,5,False,0.75
694,HELIOPTILE,Electric,Normal,289.0,44,38,33,61,43,70,6,False,1.1515151515151516
23,EKANS,Poison,None,288.0,35,60,44,40,54,55,1,False,1.3636363636363635
686,INKAY,Dark,Psychic,288.0,53,54,53,37,46,45,6,False,1.0188679245283019
132,DITTO,Normal,None,288.0,48,48,48,48,48,48,1,False,1.0
339,BARBOACH,Water,Ground,288.0,50,48,43,46,41,60,3,False,1.1162790697674418
46,PARAS,Bug,Grass,285.0,35,70,55,45,55,25,1,False,1.2727272727272727
447,RIOLU,Fighting,None,285.0,40,70,40,35,40,60,4,False,1.75
433,CHINGLING,Psychic,None,285.0,45,30,50,65,50,45,4,False,0.6
509,PURRLOIN,Dark,None,281.0,41,50,37,50,37,66,5,False,1.3513513513513513
287,SLAKOTH,Normal,None,280.0,60,60,60,35,35,30,3,False,1.0
546,COTTONEE,Grass,Fairy,280.0,40,27,60,37,50,66,5,False,0.45
548,PETILIL,Grass,None,280.0,45,35,50,70,50,30,5,False,0.7
307,MEDITITE,Fighting,Psychic,280.0,30,40,55,40,55,60,3,False,0.7272727272727273
179,MAREEP,Electric,None,280.0,55,40,40,65,45,35,2,False,1.0
406,BUDEW,Grass,Poison,280.0,40,30,35,50,70,55,4,False,0.8571428571428571
524,ROGGENROLA,Rock,None,280.0,55,75,85,25,25,15,5,False,0.8823529411764706
661,FLETCHLING,Normal,Flying,278.0,45,50,43,40,38,62,6,False,1.1627906976744187
281,KIRLIA,Psychic,Fairy,278.0,38,35,35,65,55,50,3,False,1.0
607,LITWICK,Ghost,Fire,275.0,50,30,55,65,55,20,5,False,0.5454545454545454
506,LILLIPUP,Normal,None,275.0,45,60,45,25,45,55,5,False,1.3333333333333333
420,CHERUBI,Grass,None,275.0,45,35,45,62,53,35,4,False,0.7777777777777778
29,NIDORAN,Poison,None,275.0,55,47,52,40,40,41,1,False,0.9038461538461539
602,TYNAMO,Electric,None,275.0,35,55,40,45,40,60,5,False,1.375
32,NIDORAN,Poison,None,273.0,46,57,40,40,40,50,1,False,1.425
276,TAILLOW,Normal,Flying,270.0,40,55,30,30,30,85,3,False,1.8333333333333333
39,JIGGLYPUFF,Normal,Fairy,270.0,115,45,20,45,25,20,1,False,2.25
278,WINGULL,Water,Flying,270.0,40,30,30,55,30,85,3,False,1.0
283,SURSKIT,Bug,Water,269.0,40,30,32,50,52,65,3,False,0.9375
290,NINCADA,Bug,Ground,266.0,31,45,90,30,30,40,3,False,0.5
50,DIGLETT,Ground,None,265.0,10,55,25,35,45,95,1,False,2.2
165,LEDYBA,Bug,Flying,265.0,40,20,30,40,80,55,2,False,0.6666666666666666
519,PIDOVE,Normal,Flying,264.0,50,55,50,36,30,43,5,False,1.1
403,SHINX,Electric,None,263.0,45,65,34,40,34,45,4,False,1.911764705882353
163,HOOTHOOT,Normal,Flying,262.0,60,30,30,36,56,50,2,False,1.0
21,SPEAROW,Normal,Flying,262.0,40,60,30,31,31,70,1,False,2.0
360,WYNAUT,Psychic,None,260.0,95,23,48,23,48,23,3,False,0.4791666666666667
543,VENIPEDE,Bug,Poison,260.0,30,45,59,30,39,57,5,False,0.7627118644067796
300,SKITTY,Normal,None,260.0,50,45,45,35,35,50,3,False,1.0
504,PATRAT,Normal,None,255.0,45,55,39,35,39,42,5,False,1.4102564102564104
19,RATTATA,Normal,None,253.0,30,56,35,25,35,72,1,False,1.6
16,PIDGEY,Normal,Flying,251.0,40,45,40,35,35,56,1,False,1.125
167,SPINARAK,Bug,Poison,250.0,40,60,40,40,40,30,2,False,1.5
399,BIDOOF,Normal,None,250.0,59,45,40,35,40,31,4,False,1.125
235,SMEARGLE,Normal,None,250.0,55,20,35,20,45,75,2,False,0.5714285714285714
220,SWINUB,Ice,Ground,250.0,50,50,40,30,30,50,2,False,1.25
183,MARILL,Water,Fairy,250.0,70,20,50,20,50,40,2,False,0.4
218,SLUGMA,Fire,None,250.0,40,40,40,70,40,20,2,False,1.0
187,HOPPIP,Grass,Flying,250.0,35,35,40,35,55,50,2,False,0.875
175,TOGEPI,Fairy,None,245.0,35,20,65,40,65,20,2,False,0.3076923076923077
41,ZUBAT,Poison,Flying,245.0,40,45,35,30,40,55,1,False,1.2857142857142858
396,STARLY,Normal,Flying,245.0,40,55,30,30,30,60,4,False,1.8333333333333333
714,NOIBAT,Flying,Dragon,245.0,40,30,35,45,40,55,6,False,0.8571428571428571
415,COMBEE,Bug,Flying,244.0,30,30,42,30,42,70,4,False,0.7142857142857143
293,WHISMUR,Normal,None,240.0,64,51,23,51,23,28,3,False,2.217391304347826
263,ZIGZAGOON,Normal,None,240.0,38,30,41,30,41,60,3,False,0.7317073170731707
296,MAKUHITA,Fighting,None,237.0,72,60,30,20,30,25,3,False,2.0
659,BUNNELBY,Normal,None,237.0,38,36,38,32,36,57,6,False,0.9473684210526315
292,SHEDINJA,Bug,Ghost,236.0,1,90,45,30,30,40,3,False,2.0
412,BURMY,Bug,None,224.0,40,29,45,29,45,36,4,False,0.6444444444444445
261,POOCHYENA,Dark,None,220.0,35,55,35,30,30,35,3,False,1.5714285714285714
270,LOTAD,Water,Grass,220.0,40,30,30,40,50,30,3,False,1.0
273,SEEDOT,Grass,None,220.0,40,40,50,30,30,30,3,False,0.8
440,HAPPINY,Normal,None,220.0,100,5,5,15,65,30,4,False,1.0
173,CLEFFA,Fairy,None,218.0,50,25,28,45,55,15,2,False,0.8928571428571429
161,SENTRET,Normal,None,215.0,35,46,34,35,45,20,2,False,1.3529411764705883
665,SPEWPA,Bug,None,213.0,45,22,60,27,30,29,6,False,0.36666666666666664
236,TYROGUE,Fighting,None,210.0,35,35,35,35,35,35,2,False,1.0
174,IGGLYBUFF,Normal,Fairy,210.0,90,30,15,40,20,15,2,False,2.0
194,WOOPER,Water,Ground,210.0,55,45,45,25,25,15,2,False,1.0
266,SILCOON,Bug,None,205.0,50,35,55,25,25,15,3,False,0.6363636363636364
268,CASCOON,Bug,None,205.0,50,35,55,25,25,15,3,False,0.6363636363636364
11,METAPOD,Bug,None,205.0,50,20,55,25,25,30,1,False,0.36363636363636365
14,KAKUNA,Bug,Poison,205.0,45,25,50,25,25,35,1,False,0.5
172,PICHU,Electric,None,205.0,20,40,15,35,35,60,2,False,2.6666666666666665
129,MAGIKARP,Water,None,200.0,20,10,55,15,20,80,1,False,0.18181818181818182
664,SCATTERBUG,Bug,None,200.0,38,35,40,27,25,35,6,False,0.875
349,FEEBAS,Water,None,200.0,20,15,20,10,55,80,3,False,0.75
280,RALTS,Psychic,Fairy,198.0,28,25,25,45,35,40,3,False,1.0
13,WEEDLE,Bug,Poison,195.0,40,35,30,20,20,50,1,False,1.1666666666666667
10,CATERPIE,Bug,None,195.0,45,30,35,20,20,45,1,False,0.8571428571428571
265,WURMPLE,Bug,None,195.0,45,45,35,20,30,20,3,False,1.2857142857142858
401,KRICKETOT,Bug,None,194.0,37,25,41,25,41,25,4,False,0.6097560975609756
298,AZURILL,Normal,Fairy,190.0,50,20,40,20,40,20,3,False,0.5
191,SUNKERN,Grass,None,180.0,30,30,30,30,30,30,2,False,1.0
